INSERT INTO `authority` (`role`) VALUES
	('ADMIN'),
	('USER');

INSERT INTO `location` (`location_id`, `center_latitude`, `center_longitude`, `lower_latitude`, `left_longitude`, `name`, `upper_latitude`, `right_longitude`) VALUES
	(1, 35.153387, 129.113506, 35.152325, 129.114793, '부산 광안리 해수욕장', 35.152907, 129.123124),
	(2, 36.016374, 126.700953, 36.151928, 126.512679, '충남 서천 춘장대 해수욕장', 36.173699, 126.526453),
	(3, 35.43184, 129.371506, 35.492449, 129.429542, '울산 일산 해수욕장', 35.500376, 129.430997),
	(4, 34.746716, 127.73199, 34.745773, 127.667341, '여수 웅천천수공원', 34.749149, 127.668596),
	(5, 36.1060156, 128.4186776, 36.1049044, 128.4199745, '구미 인동', 36.100237, 128.4241094);

INSERT INTO `minigame` (`id`, `answer`, `problem`) VALUES
	(1, '일반쓰레기', '계란껍데기'),
	(2, '일반쓰레기', '치킨 뼈'),
	(3, '플라스틱', '생수병'),
	(4, '유리', '유리화분'),
	(5, '플라스틱', '깨끗이 씻은 배달용기'),
	(6, '일반쓰레기', '코팅된 전단지'),
	(7, '일반쓰레기', '도자기 그릇');

INSERT INTO `our_character` (`id`, `char_ord_id`, `description`, `level`, `name`) VALUES
	(1, 1, '펭귄은 물 에서도 뛰어난 수영 실력을 가진 멋진 조류입니다. 특히 남극과 주변 지역에서 주로 발견되는데, 추운 환경에서도 귀여운 모습으로 사람들의 관심을 사고 있답니다', 'LEVEL_1', '펭귄'),
	(2, 2, '몸이 둥글고 하얀 몸과 멜론같이 생긴 머리를 가지고 있어서 melonhead라고도 해요. 벨루가는 사람들의 무분별한 포획이나 오염으로 멸종위기종이 되었으며, 벨루가가 살아갈 수 있게 우리가 지켜줘야해요.', 'LEVEL_1', '벨루가(흰 돌고래)'),
	(3, 3, '말과 유사한 머리를 가지고 있어서 해마라는 이름이 붙었어요. 수컷이 출산을 하는걸로 유명해요. 산호초들도 줄어들어 해마의 서식지가 줄어들고 21개국에 걸쳐 연간 약 3700만 마리가 죽고 있다고 해요', 'LEVEL_1', '해마'),
	(4, 4, '포유류로 높은 지능과 뛰어난 신체능력, 무리지어다니는 습성으로 생태계 피라미드 최상위에 있는 생물이에요. 사람을 좋아하고 친근하게 다가가는 친절한 친구랍니다', 'LEVEL_1', '범고래'),
	(5, 5, '이 친구의 정확한 이름은 "흰동가리"에요. 영화 "니모를 찾아서"가 개봉한 이후 전 세계적으로 애완용으로 기르려는 사람들이 늘어서 흰동가리를 난폭하게 포획하고 환경파괴로 인해 서식지가 줄어들고 있어요', 'LEVEL_1', '니모'),
	(6, 6, '만화영화 보노보노의 모티브가 된 친구에요. 수달의 일종으로, 몸에 주머니가 있어서 돌멩이를 지니고 다니면서 오랫동안 사용해요. 다른 수달들과 달리 대부분을 물에서 활동해요. 모피의 질이 좋아 사람들이 포획하기 때문에 우리 친구 해달을 지켜줘야 해요', 'LEVEL_1', '해달'),
	(7, 7, '튀어나온 이가 코끼리 상아같아서 바다 코끼리라는 이름이 붙었어요. 수컷들은 덩치가 북극곰보다도 훨씬 크고 힘이 강해서 북극곰도 쓰러트리기 어려운 강한 친구랍니다. 밀렵꾼이 바다코끼리의 상아를 얻기위해 포획하면서 멸종위기종이 되서 우리가 지켜줘야 해요', 'LEVEL_1', '바다코끼리'),
	(8, 8, '바다에 가면 많이 보이는 새에요. 물새라서 물에 둥둥뜨는 것도 가능하고, 발에 물갈퀴도 달려있어요. 겨울에는 머리에 갈색줄무늬가 생기기도 하는 신기한 친구랍니다', 'LEVEL_1', '갈매기'),
	(9, 9, '단단하고 뻣뻣한 갑각으로 싸여져있고 여러개의 몸마디로 되어있어요. 평소에는 앞으로 헤엄치지만 지느러미처럼 생긴 꼬리채를 재빨리 휘둘러 뒤로 도망칠 수도 있어요', 'LEVEL_1', '새우'),
	(10, 10, '파충류에 속하는 알을 낳는 동물이에요. 몸은 단단한 등딱지안에 있어요. 폐호흡을 하기 때문에 숨을 쉬기 위해 바다 위로 올라오기도 해요. 최근엔 헤엄치다 쓰레기로 고통받는 거북이들도 많이 보이니, 우리가 지켜줘야해요', 'LEVEL_1', '거북'),
	(11, 11, '고래는 많은 종류가 있는데, 많은 양의 이산화탄소를 흡수해서 고래 한마리가 수천그루의 나무와 비슷한 효과를 내는 고마운 친구에요. 거대한 몸집을 가지고 있고, 폐로 호흡하기 때문에 규칙적으로 물표면으로 올라와 숨을 쉬어야해요', 'LEVEL_1', '고래'),
	(12, 11, '고래는 많은 종류가 있는데, 많은 양의 이산화탄소를 흡수해서 고래 한마리가 수천그루의 나무와 비슷한 효과를 내는 고마운 친구에요. 거대한 몸집을 가지고 있고, 폐로 호흡하기 때문에 규칙적으로 물표면으로 올라와 숨을 쉬어야해요', 'LEVEL_2', '고래'),
	(13, 11, '고래는 많은 종류가 있는데, 많은 양의 이산화탄소를 흡수해서 고래 한마리가 수천그루의 나무와 비슷한 효과를 내는 고마운 친구에요. 거대한 몸집을 가지고 있고, 폐로 호흡하기 때문에 규칙적으로 물표면으로 올라와 숨을 쉬어야해요', 'LEVEL_3', '고래'),
	(14, 12, '고래목에 속한 동물 중 길이가 작은 이빨고래소목에 속하는 해양포유류에요. 초음파를 이용해서 세상을 보고, 청각이 매우 좋아요. 굉장히 발달한 뇌를 가지고 있어서 똑똑한 친구에요', 'LEVEL_1', '돌고래'),
	(15, 12, '고래목에 속한 동물 중 길이가 작은 이빨고래소목에 속하는 해양포유류에요. 초음파를 이용해서 세상을 보고, 청각이 매우 좋아요. 굉장히 발달한 뇌를 가지고 있어서 똑똑한 친구에요', 'LEVEL_2', '돌고래'),
	(16, 12, '고래목에 속한 동물 중 길이가 작은 이빨고래소목에 속하는 해양포유류에요. 초음파를 이용해서 세상을 보고, 청각이 매우 좋아요. 굉장히 발달한 뇌를 가지고 있어서 똑똑한 친구에요', 'LEVEL_3', '돌고래'),
	(17, 13, '물범과에 속하는 포유류이고, 바다표범과 중에서 가장 작은 동물이에요. 몸색깔은 일반적으로 옅은 은회색이고, 우리나라 해역에 출현하고, 특히 백령도 근처에서 잘 나타나는 친구에요. 멸종위기 야생동물이라 우리가 지켜줘야해요', 'LEVEL_1', '물범'),
	(18, 13, '물범과에 속하는 포유류이고, 바다표범과 중에서 가장 작은 동물이에요. 몸색깔은 일반적으로 옅은 은회색이고, 우리나라 해역에 출현하고, 특히 백령도 근처에서 잘 나타나는 친구에요. 멸종위기 야생동물이라 우리가 지켜줘야해요', 'LEVEL_2', '물범'),
	(19, 13, '물범과에 속하는 포유류이고, 바다표범과 중에서 가장 작은 동물이에요. 몸색깔은 일반적으로 옅은 은회색이고, 우리나라 해역에 출현하고, 특히 백령도 근처에서 잘 나타나는 친구에요. 멸종위기 야생동물이라 우리가 지켜줘야해요', 'LEVEL_3', '물범');

INSERT INTO `location_our_character` (`id`, `location_id`, `our_character_id`) VALUES
	(1, 1, 1),
	(2, 1, 2),
	(3, 1, 3),
	(4, 1, 4),
	(5, 1, 5),
	(6, 1, 6),
	(7, 1, 7),
	(8, 1, 8),
	(9, 1, 9),
	(10, 1, 10),
	(11, 1, 11),
	(12, 1, 14),
	(13, 1, 17),
	(14, 2, 1),
	(15, 2, 2),
	(16, 2, 3),
	(17, 2, 4),
	(18, 2, 5),
	(19, 2, 6),
	(20, 2, 7),
	(21, 2, 8),
	(22, 2, 9),
	(23, 2, 10),
	(24, 2, 11),
	(25, 2, 14),
	(26, 2, 17),
	(27, 3, 1),
	(28, 3, 2),
	(29, 3, 3),
	(30, 3, 4),
	(31, 3, 5),
	(32, 3, 6),
	(33, 3, 7),
	(34, 3, 8),
	(35, 3, 9),
	(36, 3, 10),
	(37, 3, 11),
	(38, 3, 14),
	(39, 3, 17),
	(40, 4, 1),
	(41, 4, 2),
	(42, 4, 3),
	(43, 4, 4),
	(44, 4, 5),
	(45, 4, 6),
	(46, 4, 7),
	(47, 4, 8),
	(48, 4, 9),
	(49, 4, 10),
	(50, 4, 11),
	(51, 4, 14),
	(52, 4, 17),
	(53, 5, 1),
	(54, 5, 2),
	(55, 5, 3),
	(56, 5, 4),
	(57, 5, 5),
	(58, 5, 6),
	(59, 5, 7),
	(60, 5, 8),
	(61, 5, 9),
	(62, 5, 10),
	(63, 5, 11),
	(64, 5, 14),
	(65, 5, 17);

INSERT INTO `ox_quiz_problem` (`id`, `answer`, `commentary`, `problem`) VALUES
	(1, 'X', '플라스틱 쓰레기는 바다 생물에게 위험한 물질입니다. 많은 물고기들이 실수로 플라스틱을 먹으면, 물고기 몸에 해로운 화학 물질이 쌓일 수 있어요', '물고기들은 플라스틱 쓰레기를 먹어도 안전하다'),
	(2, 'O', '바다 거북들은 종종 떠 돌아다니는 플라스틱 가방을 해파리로 오해하고 먹습니다. 그러면, 거북이들은 소화기관에 문제가 생겨 건강에 심각한 위기가 올 수 있어요', '바다 거북은 플라스틱 가방을 해파리로 착각할 때가 있다'),
	(3, 'X', '선박이나 수중 공사와 같은 인간의 활동으로 인해 발생하는 소음은 해양 동물들의 행동에 영향을 미칩니다. 특히 고래와 돌고래와 같은 해양 포유류들이 인간의 소음 때문에 스트레스를 받거나 의사소통에 문제가 생길 수 있으니, 조심해야 해요', '해양 동물들은 소리 때문에 방해를 받지 않는다'),
	(4, 'X', '바다의 염도와 온도 변화는 해양생물들에게 큰 영향을 미칩니다. 특히 급격한 변화는 일부 해양 생물들이 적응하기 어렵게 만들어 생존에 큰 위협이 되니, 환경오염으로 바다의 온도를 지켜줘야 해요', '지구온난화로 인한 바다염도와 온도 변화는 해양환경과 생물체들에 영향을 주지 않는다'),
	(5, 'X', '바다는 자연치유능력이 있어서 일정수준 스스로 정화될 수 있지만, 모든 바이오 플라스틱이 실제로 항상 자연 분해되지는 않습니다. 일부 바이오 플라스틱은 오직 고온의 산업용 분해 시설에서만 안전하게 처리될 수 있습니다.', '바이오 플라스틱은 모두 해양환경에서 분해될 수 있다');

INSERT INTO `quiz_problem` (`id`, `answer`, `commentary`, `problem`) VALUES
	(1, '노래부르기', '쓰레기를 줍고, 분리수거하는 활동은 해양생물을 아껴주는 행동이에요. 노래부르기는 해양환경을 깨끗하게 하는 활동은 아닙니다', '다음 중 바다를 깨끗하게 유지하기 위한 활동이 아닌 것은?'),
	(2, '플라스틱', '전 세계적으로 플라스틱은 해양쓰레기 발생량에 가장 큰 비중을 차지하고 있어요! 그러니, 함부로 플라스틱 버리지 말기!', '다음 중 해양 쓰레기 발생량이 가장 많은 종류는?'),
	(3, '쓰레기를 발견하면 주변에 있는 쓰레기통에 버린다', '발견한 쓰레기를 주변 쓰레기통에 버려서 불법 쓰레기 방치를 방지하고, 해양 속에 있는 생명체들을 보호할 수 있어요', '아래의 4가지 선택지 중에서 어느 것이 가장 바람직한 것일까?'),
	(4, '스케치북과 크레용', '다른 물품들은 쓰레기 주울 때 필요한 것들이에요. 하지만, 스케치북과 크레용은 그림을 그릴 때 쓰는 물품입니다', '다음 중 어떤 것이 쓰레기를 바다에서 수거하는 데 도움이 되지 않을까요?'),
	(5, '전기 생산 늘리기', '다른 항목들은 쓰레기를 버리면 바다에 영향을 줄 수 있는 내용이에요. 하지만, 전기를 생산하는 일과는 다른 일입니다', '해양쓰레기가 생태계에 미치는 영향이 아닌 것은 다음 주 무엇인가요?');

INSERT INTO `quiz_problem_choice` (`id`, `content`, `quizproblem_id`) VALUES
	(1, '쓰레기 분리수거하기', 1),
	(2, '해양 생물 아껴주기', 1),
	(3, '노래부르기', 1),
	(4, '나랑해 어플로 쓰레기 줍기', 1),
	(5, '플라스틱', 2),
	(6, '유리', 2),
	(7, '금속', 2),
	(8, '종이', 2),
	(9, '쓰레기를 해수욕장에서 발견하면 그냥 둔다', 3),
	(10, '쓰레기를 발견하면 주변에 있는 쓰레기통에 버린다', 3),
	(11, '해변에서 쓰레기를 주워서 해양 경관을 보호하는 일에 필요한 노력을 기울이는 것은 중요하지 않다', 3),
	(12, '해수욕장에서 쓰레기를 아무렇게나 버린다', 3),
	(13, '장갑', 4),
	(14, '집게', 4),
	(15, '쓰레기봉지', 4),
	(16, '스케치북과 크레용', 4),
	(17, '해양동물 수 감소', 5),
	(18, '바다수질 오염', 5),
	(19, '바다속 생태계 파괴', 5),
	(20, '전기 생산 늘리기', 5);

INSERT INTO `member` (`member_id`, `created_date`, `modified_date`, `name`, `nickname`, `password`, `phone_number`, `provider`, `username`) VALUES
(1, '2023-08-17 14:19:30.898713', '2023-08-17 14:19:30.898713', '관리자', '관리자', '$2a$10$LXzcWyL0P/rAzjenggQH4eXOSqiziRrDI1LbqtHpbBHe3h07TBHUq', '01012345678', 'EMPTY', 'bonobono');
